{
  "collapse-filter": false,
  "search": "-tag:#day-of-week  ",
  "showTags": true,
  "showAttachments": false,
  "hideUnresolved": true,
  "showOrphans": false,
  "collapse-color-groups": false,
  "colorGroups": [
    {
      "query": "path:General/Chemistry  ",
      "color": {
        "a": 1,
        "rgb": 16711680
      }
    },
    {
      "query": "path:Species -path:\"Species/! Puppets\"  ",
      "color": {
        "a": 1,
        "rgb": 255
      }
    },
    {
      "query": "path:\"Species/! Puppets\"",
      "color": {
        "a": 1,
        "rgb": 16776960
      }
    }
  ],
  "collapse-display": false,
  "showArrow": false,
  "textFadeMultiplier": 0.7,
  "nodeSizeMultiplier": 5,
  "lineSizeMultiplier": 1.96475625,
  "collapse-forces": false,
  "centerStrength": 0.5298125,
  "repelStrength": 20,
  "linkStrength": 1,
  "linkDistance": 412,
  "scale": 0.24878004044900728,
  "close": true
}