{
  "main": {
    "id": "6dd635a14635a5d1",
    "type": "split",
    "children": [
      {
        "id": "2131a3dc710b984c",
        "type": "tabs",
        "children": [
          {
            "id": "3b179ec7304fecef",
            "type": "leaf",
            "pinned": true,
            "state": {
              "type": "markdown",
              "state": {
                "file": "IRL/Tasks/Worldbuilding/World.md",
                "mode": "source",
                "backlinks": false,
                "source": false
              },
              "pinned": true
            }
          },
          {
            "id": "12bc2fb09afe33fa",
            "type": "leaf",
            "pinned": true,
            "state": {
              "type": "graph",
              "state": {},
              "pinned": true
            }
          },
          {
            "id": "d017204870414e79",
            "type": "leaf",
            "state": {
              "type": "markdown",
              "state": {
                "file": "IRL/Daily Ideas/24.05.2024.md",
                "mode": "source",
                "backlinks": false,
                "source": false
              }
            }
          }
        ],
        "currentTab": 2
      }
    ],
    "direction": "vertical"
  },
  "left": {
    "id": "802c347fca9a78fa",
    "type": "mobile-drawer",
    "children": [
      {
        "id": "a4098ac46de4a28a",
        "type": "leaf",
        "state": {
          "type": "file-explorer",
          "state": {
            "sortOrder": "alphabetical"
          }
        }
      },
      {
        "id": "dd25558267b8bcb0",
        "type": "leaf",
        "state": {
          "type": "search",
          "state": {
            "query": "tag:#taxonomy/unapars",
            "matchingCase": false,
            "explainSearch": false,
            "collapseAll": true,
            "extraContext": false,
            "sortOrder": "alphabetical"
          }
        }
      },
      {
        "id": "e14b105fcf128b04",
        "type": "leaf",
        "state": {
          "type": "tag",
          "state": {
            "sortOrder": "frequency",
            "useHierarchy": true
          }
        }
      },
      {
        "id": "5758651b5d26c0e8",
        "type": "leaf",
        "state": {
          "type": "bookmarks",
          "state": {}
        }
      },
      {
        "id": "524cfa0fe102c4c9",
        "type": "leaf",
        "state": {
          "type": "all-properties",
          "state": {
            "sortOrder": "frequency",
            "showSearch": false,
            "searchQuery": ""
          }
        }
      }
    ],
    "currentTab": 0
  },
  "right": {
    "id": "aa1cd090db5b481b",
    "type": "mobile-drawer",
    "children": [
      {
        "id": "f114abeaa3087203",
        "type": "leaf",
        "state": {
          "type": "outgoing-link",
          "state": {
            "file": "IRL/Daily Ideas/24.05.2024.md",
            "linksCollapsed": false,
            "unlinkedCollapsed": true
          }
        }
      },
      {
        "id": "75974981b27eef96",
        "type": "leaf",
        "state": {
          "type": "outline",
          "state": {
            "file": "IRL/Daily Ideas/24.05.2024.md"
          }
        }
      },
      {
        "id": "fd901a3f325cf5f4",
        "type": "leaf",
        "state": {
          "type": "backlink",
          "state": {
            "file": "IRL/Daily Ideas/24.05.2024.md",
            "collapseAll": false,
            "extraContext": false,
            "sortOrder": "alphabetical",
            "showSearch": false,
            "searchQuery": "",
            "backlinkCollapsed": false,
            "unlinkedCollapsed": true
          }
        }
      },
      {
        "id": "e3ca83fa6ad06220",
        "type": "leaf",
        "state": {
          "type": "calendar",
          "state": {}
        }
      },
      {
        "id": "b8a135b65bbc853e",
        "type": "leaf",
        "state": {
          "type": "DICE_ROLLER_VIEW",
          "state": {}
        }
      }
    ],
    "currentTab": 3
  },
  "left-ribbon": {
    "hiddenItems": {
      "switcher:Open quick switcher": false,
      "graph:Open graph view": false,
      "canvas:Create new canvas": false,
      "daily-notes:Open today's daily note": false,
      "command-palette:Open command palette": false,
      "markdown-importer:Open format converter": false,
      "random-note:Open random note": false,
      "audio-recorder:Start/stop recording": false,
      "workspaces:Manage workspace layouts": false,
      "table-editor-obsidian:Advanced Tables Toolbar": false,
      "templater-obsidian:Templater": true
    }
  },
  "active": "d017204870414e79",
  "lastOpenFiles": [
    "IRL/Daily Ideas/23.05.2024.md",
    "IRL/Daily Ideas/24.05.2024.md",
    "Species/! Puppets/Inceptive puppet.md",
    "Species/! Puppets/Manifestation Puppet.md",
    "IRL/Daily Ideas/22.05.2024.md",
    "IRL/Daily Ideas/16.05.2024.md",
    "IRL/Daily Ideas/18.05.2024.md",
    "Counters/Taxonomy.md",
    "IRL/Tasks/Worldbuilding/World.md",
    "General/Chemistry/Tables/Obtaining chart.md",
    "General/Chemistry/Tables/Element property chart.md",
    "Species/! Puppets.md",
    "IRL/Daily Ideas/21.05.2024.md",
    "IRL/Daily Ideas/20.05.2024.md",
    "IRL/Daily Ideas/19.05.2024.md",
    "General/Chemistry/Tables/Todos",
    "Species/Tree-strangling mould.md",
    "Species/Rising pollen spruce.md",
    "Species/Rising pollen bee.md",
    "Species/Quickwheat.md",
    "Species/Quicksprout Maple.md",
    "Species/Phoenix Acacia.md",
    "Species/Lucky pithaya.md",
    "Species/Glowmoss.md",
    "Species/Glowing leaf palm tree.md",
    "Species/Fletcher's Tumbleweed.md",
    "Species/Dropping Pine.md",
    "Counters",
    "Processes/Chocolate.canvas",
    "General/Physics/Cosmology/Plane Alignment.png",
    "IRL/Tasks/Worldbuilding",
    "General/Chemistry/Groups",
    "General/Chemistry/Tables",
    "References/In-game",
    "References/IRL",
    "General/Chemistry/Metaphysics",
    "Templates",
    "Species/! Puppets",
    "Processes/Lucky candy.canvas",
    "Processes/Caramel.canvas",
    "Daily Ideas/Images/20240326_094842~2.jpg",
    "General/Physics/Cosmology/0. Aetherus/Aetherus.png",
    "Planes/0. Aetherus/Aetherus~2.png",
    "Untitled.canvas",
    "General/Physics/Cosmology/5. Retentus/Retentus.jpg",
    "General/Physics/Cosmology/4. Infera/Infera.jpg",
    "General/Physics/Cosmology/3. Terra/Terra.jpeg",
    "General/Physics/Cosmology/2. Aera/Aera.jpg",
    "General/Physics/Cosmology/1. Redirus/Redirus.jpg",
    "Planes/1. Redirus/Redirus 1.jpg"
  ]
}